embed_dim,hidden_dim,num_layers,dropout,learning_rate,Test Loss,Test Perplexity,Best Val Loss
128,256,1,0.1,0.001,6.719097259797548,828.0695190429688,5.94661367566962
256,512,2,0.2,0.001,7.337761383307607,1537.2669677734375,5.902754033866682
512,1024,3,0.3,0.0005,7.263376392816243,1427.0665283203125,5.960899227543881
